<?xml version="1.0" encoding="UTF-8"?>
<!-- -*- nxml -*- -->
<transfer>
<section-def-cats>
<def-cat n="CAT__HASGENDER_NUMBER"><cat-item tags="*.m.*"/><cat-item tags="*.f.*"/><cat-item tags="*.sg.*"/><cat-item tags="*.pl.*"/></def-cat>  <def-cat n="CAT__ND_GD">
    <cat-item tags="*.mf.*"/>
    <cat-item tags="*.sp.*"/>
    <cat-item tags="*.mf.sp.*"/>
    <cat-item tags="*.sp.mf.*"/>
    <cat-item tags="*.mf.*.sp.*"/>
    <cat-item tags="*.sp.*.mf.*"/>
  </def-cat>
  <def-cat n="sent">
    <cat-item tags="sent"/>
    <cat-item tags="RESsent.sent"/>
  </def-cat>
  <def-cat n="any">
    <cat-item tags="*"/>
  </def-cat>
</section-def-cats>
<section-def-attrs>
  <def-attr n="learned_activity">
    <attr-item tags="actv"/>
    <attr-item tags="pasv"/>
  </def-attr>
  <def-attr n="learned_advtype">
    <attr-item tags="itg"/>
    <attr-item tags="neg"/>
    <attr-item tags="qnt"/>
    <attr-item tags="rel"/>
  </def-attr>
  <def-attr n="learned_atadvl">
    <attr-item tags="@ADVL"/>
  </def-attr>
  <def-attr n="learned_attruse">
    <attr-item tags="advl"/>
    <attr-item tags="attr"/>
    <attr-item tags="subst"/>
  </def-attr>
  <def-attr n="learned_case">
    <attr-item tags="CD"/>
    <attr-item tags="abl"/>
    <attr-item tags="acc"/>
    <attr-item tags="dat"/>
    <attr-item tags="gen"/>
    <attr-item tags="ins"/>
    <attr-item tags="loc"/>
    <attr-item tags="nom"/>
    <attr-item tags="prp"/>
  </def-attr>
  <def-attr n="learned_cnp">
    <attr-item tags="@CNP"/>
  </def-attr>
  <def-attr n="learned_derivation">
    <attr-item tags="caus"/>
    <attr-item tags="coop"/>
    <attr-item tags="pass"/>
  </def-attr>
  <def-attr n="learned_determinertype">
    <attr-item tags="def"/>
    <attr-item tags="dem"/>
    <attr-item tags="ind"/>
    <attr-item tags="itg"/>
    <attr-item tags="neg"/>
    <attr-item tags="ord"/>
    <attr-item tags="pos"/>
    <attr-item tags="qnt"/>
    <attr-item tags="ref"/>
    <attr-item tags="sim"/>
  </def-attr>
  <def-attr n="learned_gender">
    <attr-item tags="f"/>
    <attr-item tags="m"/>
    <attr-item tags="mf"/>
    <attr-item tags="mfn"/>
    <attr-item tags="nt"/>
  </def-attr>
  <def-attr n="learned_graspect">
    <attr-item tags="impf"/>
    <attr-item tags="perf"/>
  </def-attr>
  <def-attr n="learned_isadjsint">
    <attr-item tags="sint"/>
  </def-attr>
  <def-attr n="learned_isadv">
    <attr-item tags="adv"/>
    <attr-item tags="pprep"/>
  </def-attr>
  <def-attr n="learned_iscmp">
    <attr-item tags="cmp"/>
  </def-attr>
  <def-attr n="learned_iscomp">
    <attr-item tags="comp"/>
  </def-attr>
  <def-attr n="learned_issepverb">
    <attr-item tags="sep"/>
  </def-attr>
  <def-attr n="learned_isshort">
    <attr-item tags="short"/>
  </def-attr>
  <def-attr n="learned_issim">
    <attr-item tags="sim"/>
  </def-attr>
  <def-attr n="learned_modalpat">
    <attr-item tags="emph"/>
    <attr-item tags="mod"/>
    <attr-item tags="mod_ass"/>
    <attr-item tags="qst"/>
    <attr-item tags="unk"/>
  </def-attr>
  <def-attr n="learned_mood">
    <attr-item tags="evid"/>
    <attr-item tags="imp"/>
    <attr-item tags="opt"/>
  </def-attr>
  <def-attr n="learned_negative">
    <attr-item tags="neg"/>
  </def-attr>
  <def-attr n="learned_nptype">
    <attr-item tags="al"/>
    <attr-item tags="ant"/>
    <attr-item tags="cog"/>
    <attr-item tags="org"/>
    <attr-item tags="pat"/>
    <attr-item tags="top"/>
  </def-attr>
  <def-attr n="learned_numberat">
    <attr-item tags="ND"/>
    <attr-item tags="pl"/>
    <attr-item tags="sg"/>
    <attr-item tags="sp"/>
  </def-attr>
  <def-attr n="learned_numtype">
    <attr-item tags="coll"/>
    <attr-item tags="digit"/>
    <attr-item tags="dist"/>
    <attr-item tags="ord"/>
    <attr-item tags="percent"/>
    <attr-item tags="roman"/>
    <attr-item tags="year"/>
  </def-attr>
  <def-attr n="learned_person">
    <attr-item tags="PD"/>
    <attr-item tags="frm"/>
    <attr-item tags="p1"/>
    <attr-item tags="p2"/>
    <attr-item tags="p3"/>
  </def-attr>
  <def-attr n="learned_possessive">
    <attr-item tags="px"/>
    <attr-item tags="px1pl"/>
    <attr-item tags="px1sg"/>
    <attr-item tags="px2pl"/>
    <attr-item tags="px2sg"/>
    <attr-item tags="px3pl"/>
    <attr-item tags="px3sp"/>
  </def-attr>
  <def-attr n="learned_posttransfer">
    <attr-item tags="Rabl"/>
    <attr-item tags="Racc"/>
    <attr-item tags="Rdat"/>
    <attr-item tags="Rgen"/>
    <attr-item tags="Rins"/>
    <attr-item tags="Rloc"/>
    <attr-item tags="Rnom"/>
  </def-attr>
  <def-attr n="learned_preptag">
    <attr-item tags="@P←"/>
  </def-attr>
  <def-attr n="learned_prntype">
    <attr-item tags="def"/>
    <attr-item tags="dem"/>
    <attr-item tags="ind"/>
    <attr-item tags="itg"/>
    <attr-item tags="neg"/>
    <attr-item tags="pers"/>
    <attr-item tags="qnt"/>
    <attr-item tags="recip"/>
    <attr-item tags="ref"/>
    <attr-item tags="rel"/>
    <attr-item tags="sim"/>
  </def-attr>
  <def-attr n="learned_reltype">
    <attr-item tags="aa"/>
    <attr-item tags="an"/>
    <attr-item tags="nn"/>
  </def-attr>
  <def-attr n="learned_verbtime">
    <attr-item tags="aor"/>
    <attr-item tags="cni"/>
    <attr-item tags="fti"/>
    <attr-item tags="fts"/>
    <attr-item tags="fut"/>
    <attr-item tags="fut2"/>
    <attr-item tags="fut_plan"/>
    <attr-item tags="ger"/>
    <attr-item tags="ger_abs"/>
    <attr-item tags="ger_fut"/>
    <attr-item tags="ger_impf"/>
    <attr-item tags="ger_past"/>
    <attr-item tags="ger_perf"/>
    <attr-item tags="ger_ppot"/>
    <attr-item tags="gna_after"/>
    <attr-item tags="gna_cond"/>
    <attr-item tags="gna_perf"/>
    <attr-item tags="gna_until"/>
    <attr-item tags="gpr_fut"/>
    <attr-item tags="gpr_impf"/>
    <attr-item tags="gpr_past"/>
    <attr-item tags="gpr_pot"/>
    <attr-item tags="gpr_ppot"/>
    <attr-item tags="ifi"/>
    <attr-item tags="ifi_evid"/>
    <attr-item tags="inf"/>
    <attr-item tags="past"/>
    <attr-item tags="pih"/>
    <attr-item tags="pii"/>
    <attr-item tags="pis"/>
    <attr-item tags="pp"/>
    <attr-item tags="pprs"/>
    <attr-item tags="prc_cond"/>
    <attr-item tags="prc_fplan"/>
    <attr-item tags="prc_impf"/>
    <attr-item tags="prc_perf"/>
    <attr-item tags="prc_plan"/>
    <attr-item tags="prc_vol"/>
    <attr-item tags="pres"/>
    <attr-item tags="prs"/>
    <attr-item tags="subs"/>
  </def-attr>
  <def-attr n="learned_verbtype">
    <attr-item tags="dual"/>
    <attr-item tags="iv"/>
    <attr-item tags="tv"/>
  </def-attr>
  <def-attr n="learned_gen">
    <attr-item tags="m"/>
    <attr-item tags="f"/>
    <attr-item tags="mf"/>
    <attr-item tags="GD"/>
  </def-attr>
  <def-attr n="learned_num">
    <attr-item tags="sg"/>
    <attr-item tags="pl"/>
    <attr-item tags="sp"/>
    <attr-item tags="ND"/>
  </def-attr>
</section-def-attrs>
<section-def-vars>
  <def-var n="genre"/>
  <def-var n="number"/>
</section-def-vars>
<section-def-macros>
<def-macro n="f_bcond" npar="2">
<!--To test whether a blank contains format information.
If no format information is present it is removed. -->
  <choose>
    <when>
      <test>
        <not>
	 <equal>
	   <b pos="1"/>
	   <lit v=" "/>
	 </equal>
	 </not>
      </test>
      <out>
        <b pos="1"/>
      </out>
    </when>
  </choose>
</def-macro>
<def-macro n="f_genre_num" npar="1">
<!--To set the global value storing the TL genre of the last seen word. -->
  <choose>
    <when>
      <test>
        <equal>
          <clip pos="1" side="tl" part="learned_gen"/>
          <lit-tag v="m"/>
        </equal>
      </test>
      <let><var n="genre"/><lit-tag v="m"/></let>
    </when>
    <when>
      <test>
        <equal>
          <clip pos="1" side="tl" part="learned_gen"/>
          <lit-tag v="f"/>
        </equal>
      </test>
      <let><var n="genre"/><lit-tag v="f"/></let>
    </when>
  </choose>
  <choose>
    <when>
      <test>
        <equal>
          <clip pos="1" side="tl" part="learned_num"/>
          <lit-tag v="sg"/>
        </equal>
      </test>
      <let><var n="number"/><lit-tag v="sg"/></let>
    </when>
    <when>
      <test>
        <equal>
          <clip pos="1" side="tl" part="learned_num"/>
          <lit-tag v="pl"/>
        </equal>
      </test>
      <let><var n="number"/><lit-tag v="pl"/></let>
    </when>
  </choose>
</def-macro>
<def-macro n="f_set_genre_num" npar="1">
<!--To set the genre of those words with GD, and the number of those words with ND. -->
<!--This is only used in no alignment template at all is applied. -->
  <choose>
    <when>
      <test>
        <equal>
          <clip pos="1" side="tl" part="learned_gen"/>
          <lit-tag v="GD"/>
        </equal>
      </test>
      <choose>
        <when>
          <test>
            <equal>
              <var n="genre"/>
              <lit-tag v="f"/>
            </equal>
          </test>
          <let><clip pos="1" side="tl" part="learned_gen"/><lit-tag v="f"/></let>
        </when>
        <otherwise>
          <let><clip pos="1" side="tl" part="learned_gen"/><lit-tag v="m"/></let>
        </otherwise>
      </choose>
    </when>
  </choose>
  <choose>
    <when>
      <test>
        <equal>
          <clip pos="1" side="tl" part="learned_num"/>
          <lit-tag v="ND"/>
        </equal>
      </test>
      <choose>
        <when>
          <test>
            <equal>
              <var n="number"/>
              <lit-tag v="pl"/>
            </equal>
          </test>
          <let><clip pos="1" side="tl" part="learned_num"/><lit-tag v="pl"/></let>
        </when>
        <otherwise>
          <let><clip pos="1" side="tl" part="learned_num"/><lit-tag v="sg"/></let>
        </otherwise>
      </choose>
    </when>
  </choose>
</def-macro>
</section-def-macros>
<section-rules>
<rule>
  <pattern>
    <pattern-item n="CAT__ND_GD"/>
  </pattern>
  <action>
  <call-macro n="f_set_genre_num">
    <with-param pos="1"/>
  </call-macro>
  <out>
    <lu>
      <clip pos="1" side="tl" part="whole"/>
    </lu>
  </out>
  </action><!--isolated word-->
</rule>
<rule>
<pattern><pattern-item n="CAT__HASGENDER_NUMBER"/></pattern><action> <call-macro n="f_genre_num"><with-param pos="1"/></call-macro> <call-macro n="f_set_genre_num"><with-param pos="1"/></call-macro> <out><lu><clip pos="1" side="tl" part="whole"/></lu></out> </action><!--isolated word-->
</rule>
<rule>
<pattern><pattern-item n="sent"/></pattern><action> <let><var n="number"/> <lit-tag v="sg"/></let><let><var n="genre"/><lit-tag v="m"/></let> <out><lu><clip pos="1" side="tl" part="whole"/></lu></out></action><!--isolated word-->
</rule>
<rule>
<pattern><pattern-item n="any"/></pattern><action>  <out><chunk name="any" case="caseFirstWord"><tags>             <tag><lit-tag v="LRN"/></tag>       </tags>   <lu><clip pos="1" side="tl" part="whole"/></lu></chunk></out> </action><!--isolated word-->
</rule>
</section-rules>
</transfer>
